time,Obs,Mean,F1-Mean,F2-Mean,F2-3DVAR-Mean,sfe11d,sfe12d,sfe13d,sfe31d,sfe32d,sfe33d,sfe41d,sfe42d,sfe43d,N1K1hi,N1K2hi,N2K1hi,N2K2hi,N3K1hi,N3K2hi,N1K1,N1K2,N2K1,N2K2,N3K1,N3K2,N1K1hiV,N1K2hiV,N2K1hiV,N2K2hiV,N3K1hiV,N3K2hiV,N1K1V,N1K2V,N2K1V,N2K2V,N3K1V,N3K2V
1982-01-15,0.21450000000000458,,,,,,,,,,,,,,,,,,,,,,,,,,,,,,,,,,,,,
1982-02-15,0.23929999999999652,,,,,,,,,,,,,,,,,,,,,,,,,,,,,,,,,,,,,
1982-03-15,0.29960000000000164,,,,,,,,,,,,,,,,,,,,,,,,,,,,,,,,,,,,,
1982-04-15,0.28440000000000154,,,,,,,,,,,,,,,,,,,,,,,,,,,,,,,,,,,,,
1982-05-15,0.5693000000000019,,,,,,,,,,,,,,,,,,,,,,,,,,,,,,,,,,,,,
1982-06-15,0.7687999999999953,,,,,,,,,,,,,,,,,,,,,,,,,,,,,,,,,,,,,
1982-07-15,0.5465000000000018,,,,,,,,,,,,,,,,,,,,,,,,,,,,,,,,,,,,,
1982-08-15,0.24709999999999965,,,,,,,,,,,,,,,,,,,,,,,,,,,,,,,,,,,,,
1982-09-15,0.2674999999999983,,,,,,,,,,,,,,,,,,,,,,,,,,,,,,,,,,,,,
1982-10-15,0.5902999999999992,,,,,,,,,,,,,,,,,,,,,,,,,,,,,,,,,,,,,
1982-11-15,0.5741000000000014,,,,,,,,,,,,,,,,,,,,,,,,,,,,,,,,,,,,,
1982-12-15,0.12849999999999895,,,,,,,,,,,,,,,,,,,,,,,,,,,,,,,,,,,,,
1983-01-15,-0.18049999999999855,,,,,,,,,,,,,,,,,,,,,,,,,,,,,,,,,,,,,
1983-02-15,-0.3958000000000048,,,,,,,,,,,,,,,,,,,,,,,,,,,,,,,,,,,,,
1983-03-15,-0.7292999999999985,,,,,,,,,,,,,,,,,,,,,,,,,,,,,,,,,,,,,
1983-04-15,-0.7055999999999969,,,,,,,,,,,,,,,,,,,,,,,,,,,,,,,,,,,,,
1983-05-15,-0.03209999999999624,,,,,,,,,,,,,,,,,,,,,,,,,,,,,,,,,,,,,
1983-06-15,0.546999999999997,,,,,,,,,,,,,,,,,,,,,,,,,,,,,,,,,,,,,
1983-07-15,0.6960999999999977,,,,,,,,,,,,,,,,,,,,,,,,,,,,,,,,,,,,,
1983-08-15,0.43340000000000245,,,,,,,,,,,,,,,,,,,,,,,,,,,,,,,,,,,,,
1983-09-15,0.038599999999995305,,,,,,,,,,,,,,,,,,,,,,,,,,,,,,,,,,,,,
1983-10-15,-0.07120000000000104,,,,,,,,,,,,,,,,,,,,,,,,,,,,,,,,,,,,,
1983-11-15,-0.024200000000000443,,,,,,,,,,,,,,,,,,,,,,,,,,,,,,,,,,,,,
1983-12-15,-0.07089999999999819,,,,,,,,,,,,,,,,,,,,,,,,,,,,,,,,,,,,,
1984-01-15,-0.19450000000000145,,,,,,,,,,,,,,,,,,,,,,,,,,,,,,,,,,,,,
1984-02-15,-0.2723000000000013,,,,,,,,,,,,,,,,,,,,,,,,,,,,,,,,,,,,,
1984-03-15,-0.05630000000000024,,,,,,,,,,,,,,,,,,,,,,,,,,,,,,,,,,,,,
1984-04-15,0.2540000000000049,,,,,,,,,,,,,,,,,,,,,,,,,,,,,,,,,,,,,
1984-05-15,-0.46470000000000056,,,,,,,,,,,,,,,,,,,,,,,,,,,,,,,,,,,,,
1984-06-15,-0.33970000000000056,,,,,,,,,,,,,,,,,,,,,,,,,,,,,,,,,,,,,
1984-07-15,-0.36270000000000024,,,,,,,,,,,,,,,,,,,,,,,,,,,,,,,,,,,,,
1984-08-15,-0.38629999999999853,,,,,,,,,,,,,,,,,,,,,,,,,,,,,,,,,,,,,
1984-09-15,-0.49650000000000105,,,,,,,,,,,,,,,,,,,,,,,,,,,,,,,,,,,,,
1984-10-15,-0.34990000000000165,,,,,,,,,,,,,,,,,,,,,,,,,,,,,,,,,,,,,
1984-11-15,-0.3891999999999989,,,,,,,,,,,,,,,,,,,,,,,,,,,,,,,,,,,,,
1984-12-15,-0.1883999999999979,,,,,,,,,,,,,,,,,,,,,,,,,,,,,,,,,,,,,
1985-01-15,-0.05389999999999873,,,,,,,,,,,,,,,,,,,,,,,,,,,,,,,,,,,,,
1985-02-15,-0.29760000000000275,,,,,,,,,,,,,,,,,,,,,,,,,,,,,,,,,,,,,
1985-03-15,-0.14150000000000063,,,,,,,,,,,,,,,,,,,,,,,,,,,,,,,,,,,,,
1985-04-15,-0.13860000000000028,,,,,,,,,,,,,,,,,,,,,,,,,,,,,,,,,,,,,
1985-05-15,0.08160000000000167,,,,,,,,,,,,,,,,,,,,,,,,,,,,,,,,,,,,,
1985-06-15,-0.5534000000000034,,,,,,,,,,,,,,,,,,,,,,,,,,,,,,,,,,,,,
1985-07-15,-0.40090000000000003,,,,,,,,,,,,,,,,,,,,,,,,,,,,,,,,,,,,,
1985-08-15,-0.25719999999999743,,,,,,,,,,,,,,,,,,,,,,,,,,,,,,,,,,,,,
1985-09-15,-0.2626999999999988,,,,,,,,,,,,,,,,,,,,,,,,,,,,,,,,,,,,,
1985-10-15,-0.4654999999999987,,,,,,,,,,,,,,,,,,,,,,,,,,,,,,,,,,,,,
1985-11-15,-0.0838000000000001,,,,,,,,,,,,,,,,,,,,,,,,,,,,,,,,,,,,,
1985-12-15,-0.1631999999999998,,,,,,,,,,,,,,,,,,,,,,,,,,,,,,,,,,,,,
1986-01-15,-0.05620000000000047,,,,,,,,,,,,,,,,,,,,,,,,,,,,,,,,,,,,,
1986-02-15,0.168299999999995,,,,,,,,,,,,,,,,,,,,,,,,,,,,,,,,,,,,,
1986-03-15,0.2828000000000017,,,,,,,,,,,,,,,,,,,,,,,,,,,,,,,,,,,,,
1986-04-15,0.18270000000000053,,,,,,,,,,,,,,,,,,,,,,,,,,,,,,,,,,,,,
1986-05-15,0.32360000000000255,,,,,,,,,,,,,,,,,,,,,,,,,,,,,,,,,,,,,
1986-06-15,0.038999999999997925,,,,,,,,,,,,,,,,,,,,,,,,,,,,,,,,,,,,,
1986-07-15,-0.5735000000000028,,,,,,,,,,,,,,,,,,,,,,,,,,,,,,,,,,,,,
1986-08-15,-0.2204999999999977,,,,,,,,,,,,,,,,,,,,,,,,,,,,,,,,,,,,,
1986-09-15,-0.12959999999999994,,,,,,,,,,,,,,,,,,,,,,,,,,,,,,,,,,,,,
1986-10-15,-0.09270000000000067,,,,,,,,,,,,,,,,,,,,,,,,,,,,,,,,,,,,,
1986-11-15,0.06900000000000261,,,,,,,,,,,,,,,,,,,,,,,,,,,,,,,,,,,,,
1986-12-15,0.02780000000000271,,,,,,,,,,,,,,,,,,,,,,,,,,,,,,,,,,,,,
1987-01-15,-0.03870000000000218,,,,,,,,,,,,,,,,,,,,,,,,,,,,,,,,,,,,,
1987-02-15,-0.12640000000000384,,,,,,,,,,,,,,,,,,,,,,,,,,,,,,,,,,,,,
1987-03-15,-0.21889999999999787,,,,,,,,,,,,,,,,,,,,,,,,,,,,,,,,,,,,,
1987-04-15,-0.28829999999999956,,,,,,,,,,,,,,,,,,,,,,,,,,,,,,,,,,,,,
1987-05-15,0.22700000000000387,,,,,,,,,,,,,,,,,,,,,,,,,,,,,,,,,,,,,
1987-06-15,-0.14050000000000296,,,,,,,,,,,,,,,,,,,,,,,,,,,,,,,,,,,,,
1987-07-15,-0.23740000000000094,,,,,,,,,,,,,,,,,,,,,,,,,,,,,,,,,,,,,
1987-08-15,0.15670000000000073,,,,,,,,,,,,,,,,,,,,,,,,,,,,,,,,,,,,,
1987-09-15,0.45309999999999917,,,,,,,,,,,,,,,,,,,,,,,,,,,,,,,,,,,,,
1987-10-15,0.19519999999999627,,,,,,,,,,,,,,,,,,,,,,,,,,,,,,,,,,,,,
1987-11-15,0.07179999999999964,,,,,,,,,,,,,,,,,,,,,,,,,,,,,,,,,,,,,
1987-12-15,0.07189999999999941,,,,,,,,,,,,,,,,,,,,,,,,,,,,,,,,,,,,,
1988-01-15,0.04889999999999972,,,,,,,,,,,,,,,,,,,,,,,,,,,,,,,,,,,,,
1988-02-15,0.111899999999995,,,,,,,,,,,,,,,,,,,,,,,,,,,,,,,,,,,,,
1988-03-15,-0.20919999999999916,,,,,,,,,,,,,,,,,,,,,,,,,,,,,,,,,,,,,
1988-04-15,0.06869999999999976,,,,,,,,,,,,,,,,,,,,,,,,,,,,,,,,,,,,,
1988-05-15,-0.49019999999999797,,,,,,,,,,,,,,,,,,,,,,,,,,,,,,,,,,,,,
1988-06-15,-0.27580000000000027,,,,,,,,,,,,,,,,,,,,,,,,,,,,,,,,,,,,,
1988-07-15,0.06010000000000204,,,,,,,,,,,,,,,,,,,,,,,,,,,,,,,,,,,,,
1988-08-15,0.12930000000000064,,,,,,,,,,,,,,,,,,,,,,,,,,,,,,,,,,,,,
1988-09-15,0.03270000000000195,,,,,,,,,,,,,,,,,,,,,,,,,,,,,,,,,,,,,
1988-10-15,-0.21130000000000138,,,,,,,,,,,,,,,,,,,,,,,,,,,,,,,,,,,,,
1988-11-15,-0.34639999999999915,,,,,,,,,,,,,,,,,,,,,,,,,,,,,,,,,,,,,
1988-12-15,0.20580000000000354,,,,,,,,,,,,,,,,,,,,,,,,,,,,,,,,,,,,,
1989-01-15,-0.2942999999999998,,,,,,,,,,,,,,,,,,,,,,,,,,,,,,,,,,,,,
1989-02-15,0.2761999999999958,,,,,,,,,,,,,,,,,,,,,,,,,,,,,,,,,,,,,
1989-03-15,-0.0945999999999998,,,,,,,,,,,,,,,,,,,,,,,,,,,,,,,,,,,,,
1989-04-15,-0.14149999999999707,,,,,,,,,,,,,,,,,,,,,,,,,,,,,,,,,,,,,
1989-05-15,-0.2704999999999984,,,,,,,,,,,,,,,,,,,,,,,,,,,,,,,,,,,,,
1989-06-15,-0.4515000000000029,,,,,,,,,,,,,,,,,,,,,,,,,,,,,,,,,,,,,
1989-07-15,-0.2024000000000008,,,,,,,,,,,,,,,,,,,,,,,,,,,,,,,,,,,,,
1989-08-15,-0.6329999999999991,,,,,,,,,,,,,,,,,,,,,,,,,,,,,,,,,,,,,
1989-09-15,-0.40360000000000085,,,,,,,,,,,,,,,,,,,,,,,,,,,,,,,,,,,,,
1989-10-15,-0.30590000000000117,,,,,,,,,,,,,,,,,,,,,,,,,,,,,,,,,,,,,
1989-11-15,-0.35749999999999815,,,,,,,,,,,,,,,,,,,,,,,,,,,,,,,,,,,,,
1989-12-15,-0.0627999999999993,,,,,,,,,,,,,,,,,,,,,,,,,,,,,,,,,,,,,
1990-01-15,0.4549000000000021,,,,,,,,,,,,,,,,,,,,,,,,,,,,,,,,,,,,,
1990-02-15,0.09719999999999374,,,,,,,,,,,,,,,,,,,,,,,,,,,,,,,,,,,,,
1990-03-15,0.056100000000000705,,,,,,,,,,,,,,,,,,,,,,,,,,,,,,,,,,,,,
1990-04-15,-0.17559999999999576,,,,,,,,,,,,,,,,,,,,,,,,,,,,,,,,,,,,,
1990-05-15,-0.403299999999998,,,,,,,,,,,,,,,,,,,,,,,,,,,,,,,,,,,,,
1990-06-15,-0.4568000000000012,,,,,,,,,,,,,,,,,,,,,,,,,,,,,,,,,,,,,
1990-07-15,-0.11680000000000135,,,,,,,,,,,,,,,,,,,,,,,,,,,,,,,,,,,,,
1990-08-15,-0.2906000000000013,,,,,,,,,,,,,,,,,,,,,,,,,,,,,,,,,,,,,
1990-09-15,-0.6067000000000036,,,,,,,,,,,,,,,,,,,,,,,,,,,,,,,,,,,,,
1990-10-15,-0.6237999999999992,,,,,,,,,,,,,,,,,,,,,,,,,,,,,,,,,,,,,
1990-11-15,-0.3025999999999982,,,,,,,,,,,,,,,,,,,,,,,,,,,,,,,,,,,,,
1990-12-15,-0.1490000000000009,,,,,,,,,,,,,,,,,,,,,,,,,,,,,,,,,,,,,
1991-01-15,0.026900000000001256,,,,,,,,,,,,,,,,,,,,,,,,,,,,,,,,,,,,,
1991-02-15,0.05269999999999797,,,,,,,,,,,,,,,,,,,,,,,,,,,,,,,,,,,,,
1991-03-15,-0.16580000000000084,,,,,,,,,,,,,,,,,,,,,,,,,,,,,,,,,,,,,
1991-04-15,0.6608000000000018,,,,,,,,,,,,,,,,,,,,,,,,,,,,,,,,,,,,,
1991-05-15,0.7634000000000007,,,,,,,,,,,,,,,,,,,,,,,,,,,,,,,,,,,,,
1991-06-15,0.3329999999999984,,,,,,,,,,,,,,,,,,,,,,,,,,,,,,,,,,,,,
1991-07-15,0.17760000000000176,,,,,,,,,,,,,,,,,,,,,,,,,,,,,,,,,,,,,
1991-08-15,0.204699999999999,,,,,,,,,,,,,,,,,,,,,,,,,,,,,,,,,,,,,
1991-09-15,0.5503999999999962,,,,,,,,,,,,,,,,,,,,,,,,,,,,,,,,,,,,,
1991-10-15,0.6031000000000013,,,,,,,,,,,,,,,,,,,,,,,,,,,,,,,,,,,,,
1991-11-15,0.3923999999999985,,,,,,,,,,,,,,,,,,,,,,,,,,,,,,,,,,,,,
1991-12-15,0.4247000000000014,,,,,,,,,,,,,,,,,,,,,,,,,,,,,,,,,,,,,
1992-01-15,-0.16840000000000188,,,,,,,,,,,,,,,,,,,,,,,,,,,,,,,,,,,,,
1992-02-15,-0.6343000000000032,,,,,,,,,,,,,,,,,,,,,,,,,,,,,,,,,,,,,
1992-03-15,-0.8179000000000016,,,,,,,,,,,,,,,,,,,,,,,,,,,,,,,,,,,,,
1992-04-15,-0.6561999999999983,,,,,,,,,,,,,,,,,,,,,,,,,,,,,,,,,,,,,
1992-05-15,-0.21979999999999933,,,,,,,,,,,,,,,,,,,,,,,,,,,,,,,,,,,,,
1992-06-15,-0.5311000000000021,,,,,,,,,,,,,,,,,,,,,,,,,,,,,,,,,,,,,
1992-07-15,-0.2068000000000012,,,,,,,,,,,,,,,,,,,,,,,,,,,,,,,,,,,,,
1992-08-15,-0.627799999999997,,,,,,,,,,,,,,,,,,,,,,,,,,,,,,,,,,,,,
1992-09-15,-1.035300000000003,,,,,,,,,,,,,,,,,,,,,,,,,,,,,,,,,,,,,
1992-10-15,-0.7405000000000008,,,,,,,,,,,,,,,,,,,,,,,,,,,,,,,,,,,,,
1992-11-15,-0.15169999999999817,,,,,,,,,,,,,,,,,,,,,,,,,,,,,,,,,,,,,
1992-12-15,0.04210000000000136,,,,,,,,,,,,,,,,,,,,,,,,,,,,,,,,,,,,,
1993-01-15,0.04150000000000276,,,,,,,,,,,,,,,,,,,,,,,,,,,,,,,,,,,,,
1993-02-15,0.244099999999996,,,,,,,,,,,,,,,,,,,,,,,,,,,,,,,,,,,,,
1993-03-15,-0.3201999999999998,,,,,,,,,,,,,,,,,,,,,,,,,,,,,,,,,,,,,
1993-04-15,-0.05339999999999989,,,,,,,,,,,,,,,,,,,,,,,,,,,,,,,,,,,,,
1993-05-15,0.28300000000000125,,,,,,,,,,,,,,,,,,,,,,,,,,,,,,,,,,,,,
1993-06-15,0.095799999999997,,,,,,,,,,,,,,,,,,,,,,,,,,,,,,,,,,,,,
1993-07-15,0.18470000000000297,,,,,,,,,,,,,,,,,,,,,,,,,,,,,,,,,,,,,
1993-08-15,-0.1751999999999967,,,,,,,,,,,,,,,,,,,,,,,,,,,,,,,,,,,,,
1993-09-15,-0.5782000000000025,,,,,,,,,,,,,,,,,,,,,,,,,,,,,,,,,,,,,
1993-10-15,-0.2873000000000019,,,,,,,,,,,,,,,,,,,,,,,,,,,,,,,,,,,,,
1993-11-15,-0.26869999999999905,,,,,,,,,,,,,,,,,,,,,,,,,,,,,,,,,,,,,
1993-12-15,-0.2259999999999991,,,,,,,,,,,,,,,,,,,,,,,,,,,,,,,,,,,,,
1994-01-15,0.16219999999999857,,,,,,,,,,,,,,,,,,,,,,,,,,,,,,,,,,,,,
1994-02-15,-0.1907000000000032,,,,,,,,,,,,,,,,,,,,,,,,,,,,,,,,,,,,,
1994-03-15,0.2801000000000009,,,,,,,,,,,,,,,,,,,,,,,,,,,,,,,,,,,,,
1994-04-15,0.43170000000000286,,,,,,,,,,,,,,,,,,,,,,,,,,,,,,,,,,,,,
1994-05-15,0.7767000000000017,,,,,,,,,,,,,,,,,,,,,,,,,,,,,,,,,,,,,
1994-06-15,0.7135999999999996,,,,,,,,,,,,,,,,,,,,,,,,,,,,,,,,,,,,,
1994-07-15,1.1693999999999996,,,,,,,,,,,,,,,,,,,,,,,,,,,,,,,,,,,,,
1994-08-15,1.6303000000000019,,,,,,,,,,,,,,,,,,,,,,,,,,,,,,,,,,,,,
1994-09-15,1.268099999999997,,,,,,,,,,,,,,,,,,,,,,,,,,,,,,,,,,,,,
1994-10-15,2.081900000000001,,,,,,,,,,,,,,,,,,,,,,,,,,,,,,,,,,,,,
1994-11-15,0.5795999999999992,,,,,,,,,,,,,,,,,,,,,,,,,,,,,,,,,,,,,
1994-12-15,0.11159999999999926,,,,,,,,,,,,,,,,,,,,,,,,,,,,,,,,,,,,,
1995-01-15,-0.24029999999999774,,,,,,,,,,,,,,,,,,,,,,,,,,,,,,,,,,,,,
1995-02-15,0.2791999999999959,,,,,,,,,,,,,,,,,,,,,,,,,,,,,,,,,,,,,
1995-03-15,0.13569999999999993,,,,,,,,,,,,,,,,,,,,,,,,,,,,,,,,,,,,,
1995-04-15,0.007500000000000284,,,,,,,,,,,,,,,,,,,,,,,,,,,,,,,,,,,,,
1995-05-15,-0.12139999999999773,,,,,,,,,,,,,,,,,,,,,,,,,,,,,,,,,,,,,
1995-06-15,-0.005100000000002325,,,,,,,,,,,,,,,,,,,,,,,,,,,,,,,,,,,,,
1995-07-15,-0.3045000000000009,,,,,,,,,,,,,,,,,,,,,,,,,,,,,,,,,,,,,
1995-08-15,-0.24899999999999523,,,,,,,,,,,,,,,,,,,,,,,,,,,,,,,,,,,,,
1995-09-15,-0.11560000000000059,,,,,,,,,,,,,,,,,,,,,,,,,,,,,,,,,,,,,
1995-10-15,-0.2594999999999992,,,,,,,,,,,,,,,,,,,,,,,,,,,,,,,,,,,,,
1995-11-15,-0.42220000000000013,,,,,,,,,,,,,,,,,,,,,,,,,,,,,,,,,,,,,
1995-12-15,0.49180000000000135,,,,,,,,,,,,,,,,,,,,,,,,,,,,,,,,,,,,,
1996-01-15,0.33750000000000213,,,,,,,,,,,,,,,,,,,,,,,,,,,,,,,,,,,,,
1996-02-15,0.3211999999999975,,,,,,,,,,,,,,,,,,,,,,,,,,,,,,,,,,,,,
1996-03-15,-0.2326999999999977,,,,,,,,,,,,,,,,,,,,,,,,,,,,,,,,,,,,,
1996-04-15,-0.37579999999999814,,,,,,,,,,,,,,,,,,,,,,,,,,,,,,,,,,,,,
1996-05-15,-0.2778999999999989,,,,,,,,,,,,,,,,,,,,,,,,,,,,,,,,,,,,,
1996-06-15,-0.20110000000000028,,,,,,,,,,,,,,,,,,,,,,,,,,,,,,,,,,,,,
1996-07-15,-0.5373999999999981,,,,,,,,,,,,,,,,,,,,,,,,,,,,,,,,,,,,,
1996-08-15,-0.9129999999999967,,,,,,,,,,,,,,,,,,,,,,,,,,,,,,,,,,,,,
1996-09-15,-0.6384000000000007,,,,,,,,,,,,,,,,,,,,,,,,,,,,,,,,,,,,,
1996-10-15,-1.3440000000000012,,,,,,,,,,,,,,,,,,,,,,,,,,,,,,,,,,,,,
1996-11-15,-0.7594999999999992,,,,,,,,,,,,,,,,,,,,,,,,,,,,,,,,,,,,,
1996-12-15,-0.3221999999999987,,,,,,,,,,,,,,,,,,,,,,,,,,,,,,,,,,,,,
1997-01-15,-0.09659999999999869,,,,,,,,,,,,,,,,,,,,,,,,,,,,,,,,,,,,,
1997-02-15,0.22619999999999507,,,,,,,,,,,,,,,,,,,,,,,,,,,,,,,,,,,,,
1997-03-15,0.20420000000000016,,,,,,,,,,,,,,,,,,,,,,,,,,,,,,,,,,,,,
1997-04-15,0.06250000000000355,,,,,,,,,,,,,,,,,,,,,,,,,,,,,,,,,,,,,
1997-05-15,0.04310000000000258,,,,,,,,,,,,,,,,,,,,,,,,,,,,,,,,,,,,,
1997-06-15,0.23079999999999856,,,,,,,,,,,,,,,,,,,,,,,,,,,,,,,,,,,,,
1997-07-15,1.0460999999999991,,,,,,,,,,,,,,,,,,,,,,,,,,,,,,,,,,,,,
1997-08-15,0.860199999999999,,,,,,,,,,,,,,,,,,,,,,,,,,,,,,,,,,,,,
1997-09-15,1.214699999999997,,,,,,,,,,,,,,,,,,,,,,,,,,,,,,,,,,,,,
1997-10-15,2.078800000000001,,,,,,,,,,,,,,,,,,,,,,,,,,,,,,,,,,,,,
1997-11-15,2.2023999999999972,,,,,,,,,,,,,,,,,,,,,,,,,,,,,,,,,,,,,
1997-12-15,1.1032000000000046,,,,,,,,,,,,,,,,,,,,,,,,,,,,,,,,,,,,,
1998-01-15,0.7247000000000021,,,,,,,,,,,,,,,,,,,,,,,,,,,,,,,,,,,,,
1998-02-15,0.44969999999999644,,,,,,,,,,,,,,,,,,,,,,,,,,,,,,,,,,,,,
1998-03-15,-0.1191999999999993,,,,,,,,,,,,,,,,,,,,,,,,,,,,,,,,,,,,,
1998-04-15,-0.1830999999999996,,,,,,,,,,,,,,,,,,,,,,,,,,,,,,,,,,,,,
1998-05-15,-0.030599999999996186,,,,,,,,,,,,,,,,,,,,,,,,,,,,,,,,,,,,,
1998-06-15,0.0627999999999993,,,,,,,,,,,,,,,,,,,,,,,,,,,,,,,,,,,,,
1998-07-15,-0.7222000000000008,,,,,,,,,,,,,,,,,,,,,,,,,,,,,,,,,,,,,
1998-08-15,-0.8625999999999969,,,,,,,,,,,,,,,,,,,,,,,,,,,,,,,,,,,,,
1998-09-15,-0.9564000000000021,,,,,,,,,,,,,,,,,,,,,,,,,,,,,,,,,,,,,
1998-10-15,-1.1216000000000008,,,,,,,,,,,,,,,,,,,,,,,,,,,,,,,,,,,,,
1998-11-15,-0.8640000000000008,,,,,,,,,,,,,,,,,,,,,,,,,,,,,,,,,,,,,
1998-12-15,-0.48049999999999926,,,,,,,,,,,,,,,,,,,,,,,,,,,,,,,,,,,,,
1999-01-15,-0.18829999999999814,,,,,,,,,,,,,,,,,,,,,,,,,,,,,,,,,,,,,
1999-02-15,0.12839999999999563,,,,,,,,,,,,,,,,,,,,,,,,,,,,,,,,,,,,,
1999-03-15,0.2680000000000007,,,,,,,,,,,,,,,,,,,,,,,,,,,,,,,,,,,,,
1999-04-15,0.08420000000000272,,,,,,,,,,,,,,,,,,,,,,,,,,,,,,,,,,,,,
1999-05-15,-0.5167999999999999,,,,,,,,,,,,,,,,,,,,,,,,,,,,,,,,,,,,,
1999-06-15,-0.23560000000000159,,,,,,,,,,,,,,,,,,,,,,,,,,,,,,,,,,,,,
1999-07-15,0.12620000000000076,,,,,,,,,,,,,,,,,,,,,,,,,,,,,,,,,,,,,
1999-08-15,0.05970000000000297,,,,,,,,,,,,,,,,,,,,,,,,,,,,,,,,,,,,,
1999-09-15,-0.03979999999999961,,,,,,,,,,,,,,,,,,,,,,,,,,,,,,,,,,,,,
1999-10-15,-0.5263000000000027,,,,,,,,,,,,,,,,,,,,,,,,,,,,,,,,,,,,,
1999-11-15,-0.34929999999999595,,,,,,,,,,,,,,,,,,,,,,,,,,,,,,,,,,,,,
1999-12-15,-0.07249999999999801,,,,,,,,,,,,,,,,,,,,,,,,,,,,,,,,,,,,,
2000-01-15,0.1164999999999985,,,,,,,,,,,,,,,,,,,,,,,,,,,,,,,,,,,,,
2000-02-15,0.44049999999999656,,,,,,,,,,,,,,,,,,,,,,,,,,,,,,,,,,,,,
2000-03-15,0.6389999999999993,,,,,,,,,,,,,,,,,,,,,,,,,,,,,,,,,,,,,
2000-04-15,0.39630000000000365,,,,,,,,,,,,,,,,,,,,,,,,,,,,,,,,,,,,,
2000-05-15,0.160300000000003,,,,,,,,,,,,,,,,,,,,,,,,,,,,,,,,,,,,,
2000-06-15,-0.2021000000000015,,,,,,,,,,,,,,,,,,,,,,,,,,,,,,,,,,,,,
2000-07-15,0.1681999999999988,,,,,,,,,,,,,,,,,,,,,,,,,,,,,,,,,,,,,
2000-08-15,0.15080000000000027,,,,,,,,,,,,,,,,,,,,,,,,,,,,,,,,,,,,,
2000-09-15,0.06139999999999901,,,,,,,,,,,,,,,,,,,,,,,,,,,,,,,,,,,,,
2000-10-15,-0.16460000000000363,,,,,,,,,,,,,,,,,,,,,,,,,,,,,,,,,,,,,
2000-11-15,-0.23430000000000106,,,,,,,,,,,,,,,,,,,,,,,,,,,,,,,,,,,,,
2000-12-15,-0.025499999999997414,,,,,,,,,,,,,,,,,,,,,,,,,,,,,,,,,,,,,
2001-01-15,0.22080000000000055,,,,,,,,,,,,,,,,,,,,,,,,,,,,,,,,,,,,,
2001-02-15,0.6108999999999973,,,,,,,,,,,,,,,,,,,,,,,,,,,,,,,,,,,,,
2001-03-15,0.4945999999999984,,,,,,,,,,,,,,,,,,,,,,,,,,,,,,,,,,,,,
2001-04-15,0.16650000000000276,,,,,,,,,,,,,,,,,,,,,,,,,,,,,,,,,,,,,
2001-05-15,-0.19200000000000017,,,,,,,,,,,,,,,,,,,,,,,,,,,,,,,,,,,,,
2001-06-15,-0.03750000000000142,,,,,,,,,,,,,,,,,,,,,,,,,,,,,,,,,,,,,
2001-07-15,-0.5074000000000005,,,,,,,,,,,,,,,,,,,,,,,,,,,,,,,,,,,,,
2001-08-15,-0.639599999999998,,,,,,,,,,,,,,,,,,,,,,,,,,,,,,,,,,,,,
2001-09-15,-0.558600000000002,,,,,,,,,,,,,,,,,,,,,,,,,,,,,,,,,,,,,
2001-10-15,-0.5335000000000001,,,,,,,,,,,,,,,,,,,,,,,,,,,,,,,,,,,,,
2001-11-15,0.06770000000000209,,,,,,,,,,,,,,,,,,,,,,,,,,,,,,,,,,,,,
2001-12-15,0.18670000000000186,,,,,,,,,,,,,,,,,,,,,,,,,,,,,,,,,,,,,
2002-01-15,-0.22680000000000078,,,,,,,,,,,,,,,,,,,,,,,,,,,,,,,,,,,,,
2002-02-15,0.2573999999999934,,,,,,,,,,,,,,,,,,,,,,,,,,,,,,,,,,,,,
2002-03-15,-0.32150000000000034,,,,,,,,,,,,,,,,,,,,,,,,,,,,,,,,,,,,,
2002-04-15,-0.3570999999999991,,,,,,,,,,,,,,,,,,,,,,,,,,,,,,,,,,,,,
2002-05-15,-0.42689999999999984,,,,,,,,,,,,,,,,,,,,,,,,,,,,,,,,,,,,,
2002-06-15,-0.2472999999999992,,,,,,,,,,,,,,,,,,,,,,,,,,,,,,,,,,,,,
2002-07-15,-0.3920999999999992,,,,,,,,,,,,,,,,,,,,,,,,,,,,,,,,,,,,,
2002-08-15,-0.3963999999999963,,,,,,,,,,,,,,,,,,,,,,,,,,,,,,,,,,,,,
2002-09-15,0.4457999999999984,,,,,,,,,,,,,,,,,,,,,,,,,,,,,,,,,,,,,
2002-10-15,0.5036999999999985,,,,,,,,,,,,,,,,,,,,,,,,,,,,,,,,,,,,,
2002-11-15,0.16340000000000288,,,,,,,,,,,,,,,,,,,,,,,,,,,,,,,,,,,,,
2002-12-15,-0.2734999999999985,,,,,,,,,,,,,,,,,,,,,,,,,,,,,,,,,,,,,
2003-01-15,-0.15169999999999817,,,,,,,,,,,,,,,,,,,,,,,,,,,,,,,,,,,,,
2003-02-15,0.1504999999999974,,,,,,,,,,,,,,,,,,,,,,,,,,,,,,,,,,,,,
2003-03-15,0.2890000000000015,,,,,,,,,,,,,,,,,,,,,,,,,,,,,,,,,,,,,
2003-04-15,0.10360000000000014,,,,,,,,,,,,,,,,,,,,,,,,,,,,,,,,,,,,,
2003-05-15,0.1595000000000013,,,,,,,,,,,,,,,,,,,,,,,,,,,,,,,,,,,,,
2003-06-15,0.7458999999999989,,,,,,,,,,,,,,,,,,,,,,,,,,,,,,,,,,,,,
2003-07-15,0.6095000000000006,,,,,,,,,,,,,,,,,,,,,,,,,,,,,,,,,,,,,
2003-08-15,0.49870000000000303,,,,,,,,,,,,,,,,,,,,,,,,,,,,,,,,,,,,,
2003-09-15,0.2923000000000009,,,,,,,,,,,,,,,,,,,,,,,,,,,,,,,,,,,,,
2003-10-15,-0.1570999999999998,,,,,,,,,,,,,,,,,,,,,,,,,,,,,,,,,,,,,
2003-11-15,-0.16869999999999763,,,,,,,,,,,,,,,,,,,,,,,,,,,,,,,,,,,,,
2003-12-15,0.1366000000000014,,,,,,,,,,,,,,,,,,,,,,,,,,,,,,,,,,,,,
2004-01-15,-0.2624999999999993,,,,,,,,,,,,,,,,,,,,,,,,,,,,,,,,,,,,,
2004-02-15,0.05429999999999424,,,,,,,,,,,,,,,,,,,,,,,,,,,,,,,,,,,,,
2004-03-15,0.3871000000000002,,,,,,,,,,,,,,,,,,,,,,,,,,,,,,,,,,,,,
2004-04-15,-0.23979999999999535,,,,,,,,,,,,,,,,,,,,,,,,,,,,,,,,,,,,,
2004-05-15,-0.3575999999999979,,,,,,,,,,,,,,,,,,,,,,,,,,,,,,,,,,,,,
2004-06-15,-0.4601000000000006,,,,,,,,,,,,,,,,,,,,,,,,,,,,,,,,,,,,,
2004-07-15,-0.3742999999999981,,,,,,,,,,,,,,,,,,,,,,,,,,,,,,,,,,,,,
2004-08-15,-0.06409999999999982,,,,,,,,,,,,,,,,,,,,,,,,,,,,,,,,,,,,,
2004-09-15,0.021499999999996078,,,,,,,,,,,,,,,,,,,,,,,,,,,,,,,,,,,,,
2004-10-15,-0.005300000000001859,,,,,,,,,,,,,,,,,,,,,,,,,,,,,,,,,,,,,
2004-11-15,-0.010699999999999932,,,,,,,,,,,,,,,,,,,,,,,,,,,,,,,,,,,,,
2004-12-15,0.10040000000000049,,,,,,,,,,,,,,,,,,,,,,,,,,,,,,,,,,,,,
2005-01-15,-0.16289999999999694,,,,,,,,,,,,,,,,,,,,,,,,,,,,,,,,,,,,,
2005-02-15,-0.8847000000000058,,,,,,,,,,,,,,,,,,,,,,,,,,,,,,,,,,,,,
2005-03-15,-0.694899999999997,,,,,,,,,,,,,,,,,,,,,,,,,,,,,,,,,,,,,
2005-04-15,0.11130000000000351,,,,,,,,,,,,,,,,,,,,,,,,,,,,,,,,,,,,,
2005-05-15,0.18280000000000385,,,,,,,,,,,,,,,,,,,,,,,,,,,,,,,,,,,,,
2005-06-15,-0.12900000000000134,,,,,,,,,,,,,,,,,,,,,,,,,,,,,,,,,,,,,
2005-07-15,-0.5274000000000001,,,,,,,,,,,,,,,,,,,,,,,,,,,,,,,,,,,,,
2005-08-15,-0.2342000000000013,,,,,,,,,,,,,,,,,,,,,,,,,,,,,,,,,,,,,
2005-09-15,-0.7362000000000002,,,,,,,,,,,,,,,,,,,,,,,,,,,,,,,,,,,,,
2005-10-15,-0.4642000000000017,,,,,,,,,,,,,,,,,,,,,,,,,,,,,,,,,,,,,
2005-11-15,-0.1988999999999983,,,,,,,,,,,,,,,,,,,,,,,,,,,,,,,,,,,,,
2005-12-15,-0.2680000000000007,,,,,,,,,,,,,,,,,,,,,,,,,,,,,,,,,,,,,
2006-01-15,-0.07019999999999982,,,,,,,,,,,,,,,,,,,,,,,,,,,,,,,,,,,,,
2006-02-15,-0.4415000000000049,,,,,,,,,,,,,,,,,,,,,,,,,,,,,,,,,,,,,
2006-03-15,-0.18130000000000024,,,,,,,,,,,,,,,,,,,,,,,,,,,,,,,,,,,,,
2006-04-15,0.2018000000000022,,,,,,,,,,,,,,,,,,,,,,,,,,,,,,,,,,,,,
2006-05-15,0.1197000000000017,,,,,,,,,,,,,,,,,,,,,,,,,,,,,,,,,,,,,
2006-06-15,9.999999999976694e-05,,,,,,,,,,,,,,,,,,,,,,,,,,,,,,,,,,,,,
2006-07-15,-0.03429999999999822,,,,,,,,,,,,,,,,,,,,,,,,,,,,,,,,,,,,,
2006-08-15,0.45030000000000214,,,,,,,,,,,,,,,,,,,,,,,,,,,,,,,,,,,,,
2006-09-15,1.180299999999999,,,,,,,,,,,,,,,,,,,,,,,,,,,,,,,,,,,,,
2006-10-15,1.3787999999999982,,,,,,,,,,,,,,,,,,,,,,,,,,,,,,,,,,,,,
2006-11-15,1.2302,,,,,,,,,,,,,,,,,,,,,,,,,,,,,,,,,,,,,
2006-12-15,0.49180000000000135,,,,,,,,,,,,,,,,,,,,,,,,,,,,,,,,,,,,,
2007-01-15,0.22240000000000038,,,,,,,,,,,,,,,,,,,,,,,,,,,,,,,,,,,,,
2007-02-15,0.016399999999993753,,,,,,,,,,,,,,,,,,,,,,,,,,,,,,,,,,,,,
2007-03-15,0.3431999999999995,,,,,,,,,,,,,,,,,,,,,,,,,,,,,,,,,,,,,
2007-04-15,0.27860000000000085,,,,,,,,,,,,,,,,,,,,,,,,,,,,,,,,,,,,,
2007-05-15,0.4271000000000029,,,,,,,,,,,,,,,,,,,,,,,,,,,,,,,,,,,,,
2007-06-15,0.4441999999999986,,,,,,,,,,,,,,,,,,,,,,,,,,,,,,,,,,,,,
2007-07-15,0.36410000000000053,,,,,,,,,,,,,,,,,,,,,,,,,,,,,,,,,,,,,
2007-08-15,0.2884000000000029,,,,,,,,,,,,,,,,,,,,,,,,,,,,,,,,,,,,,
2007-09-15,0.734099999999998,,,,,,,,,,,,,,,,,,,,,,,,,,,,,,,,,,,,,
2007-10-15,0.42549999999999955,,,,,,,,,,,,,,,,,,,,,,,,,,,,,,,,,,,,,
2007-11-15,-0.04309999999999903,,,,,,,,,,,,,,,,,,,,,,,,,,,,,,,,,,,,,
2007-12-15,-0.42220000000000013,,,,,,,,,,,,,,,,,,,,,,,,,,,,,,,,,,,,,
2008-01-15,-0.059099999999997266,,,,,,,,,,,,,,,,,,,,,,,,,,,,,,,,,,,,,
2008-02-15,-0.18440000000000367,,,,,,,,,,,,,,,,,,,,,,,,,,,,,,,,,,,,,
2008-03-15,0.2406000000000006,,,,,,,,,,,,,,,,,,,,,,,,,,,,,,,,,,,,,
2008-04-15,-0.1314999999999955,,,,,,,,,,,,,,,,,,,,,,,,,,,,,,,,,,,,,
2008-05-15,0.2535000000000025,,,,,,,,,,,,,,,,,,,,,,,,,,,,,,,,,,,,,
2008-06-15,0.6661000000000001,,,,,,,,,,,,,,,,,,,,,,,,,,,,,,,,,,,,,
2008-07-15,0.8763999999999967,,,,,,,,,,,,,,,,,,,,,,,,,,,,,,,,,,,,,
2008-08-15,0.5684000000000005,,,,,,,,,,,,,,,,,,,,,,,,,,,,,,,,,,,,,
2008-09-15,0.07479999999999976,,,,,,,,,,,,,,,,,,,,,,,,,,,,,,,,,,,,,
2008-10-15,0.06649999999999778,,,,,,,,,,,,,,,,,,,,,,,,,,,,,,,,,,,,,
2008-11-15,-0.2607999999999997,,,,,,,,,,,,,,,,,,,,,,,,,,,,,,,,,,,,,
2008-12-15,-0.24259999999999948,,,,,,,,,,,,,,,,,,,,,,,,,,,,,,,,,,,,,
2009-01-15,-0.09509999999999863,,,,,,,,,,,,,,,,,,,,,,,,,,,,,,,,,,,,,
2009-02-15,0.4271999999999956,,,,,,,,,,,,,,,,,,,,,,,,,,,,,,,,,,,,,
2009-03-15,0.583400000000001,,,,,,,,,,,,,,,,,,,,,,,,,,,,,,,,,,,,,
2009-04-15,0.09880000000000067,,,,,,,,,,,,,,,,,,,,,,,,,,,,,,,,,,,,,
2009-05-15,0.33410000000000295,,,,,,,,,,,,,,,,,,,,,,,,,,,,,,,,,,,,,
2009-06-15,0.22109999999999985,,,,,,,,,,,,,,,,,,,,,,,,,,,,,,,,,,,,,
2009-07-15,-0.05010000000000048,,,,,,,,,,,,,,,,,,,,,,,,,,,,,,,,,,,,,
2009-08-15,0.06320000000000192,,,,,,,,,,,,,,,,,,,,,,,,,,,,,,,,,,,,,
2009-09-15,-0.25009999999999977,,,,,,,,,,,,,,,,,,,,,,,,,,,,,,,,,,,,,
2009-10-15,-0.06540000000000035,,,,,,,,,,,,,,,,,,,,,,,,,,,,,,,,,,,,,
2009-11-15,-0.19650000000000034,,,,,,,,,,,,,,,,,,,,,,,,,,,,,,,,,,,,,
2009-12-15,0.3603000000000023,,,,,,,,,,,,,,,,,,,,,,,,,,,,,,,,,,,,,
2010-01-15,0.429199999999998,,,,,,,,,,,,,,,,,,,,,,,,,,,,,,,,,,,,,
2010-02-15,0.034799999999997056,,,,,,,,,,,,,,,,,,,,,,,,,,,,,,,,,,,,,
2010-03-15,0.20270000000000366,,,,,,,,,,,,,,,,,,,,,,,,,,,,,,,,,,,,,
2010-04-15,0.360000000000003,,,,,,,,,,,,,,,,,,,,,,,,,,,,,,,,,,,,,
2010-05-15,-0.4366999999999983,,,,,,,,,,,,,,,,,,,,,,,,,,,,,,,,,,,,,
2010-06-15,0.05339999999999989,,,,,,,,,,,,,,,,,,,,,,,,,,,,,,,,,,,,,
2010-07-15,-0.06960000000000122,,,,,,,,,,,,,,,,,,,,,,,,,,,,,,,,,,,,,
2010-08-15,-0.5431999999999988,,,,,,,,,,,,,,,,,,,,,,,,,,,,,,,,,,,,,
2010-09-15,-1.0427999999999997,,,,,,,,,,,,,,,,,,,,,,,,,,,,,,,,,,,,,
2010-10-15,-1.0705999999999989,,,,,,,,,,,,,,,,,,,,,,,,,,,,,,,,,,,,,
2010-11-15,-0.3721999999999994,,,,,,,,,,,,,,,,,,,,,,,,,,,,,,,,,,,,,
2010-12-15,-0.1877999999999993,,,,,,,,,,,,,,,,,,,,,,,,,,,,,,,,,,,,,
2011-01-15,0.04870000000000019,,,,,,,,,,,,,,,,,,,,,,,,,,,,,,,,,,,,,
2011-02-15,-0.01880000000000237,,,,,,,,,,,,,,,,,,,,,,,,,,,,,,,,,,,,,
2011-03-15,0.22390000000000043,,,,,,,,,,,,,,,,,,,,,,,,,,,,,,,,,,,,,
2011-04-15,0.3180000000000014,,,,,,,,,,,,,,,,,,,,,,,,,,,,,,,,,,,,,
2011-05-15,0.08570000000000277,,,,,,,,,,,,,,,,,,,,,,,,,,,,,,,,,,,,,
2011-06-15,0.20019999999999882,,,,,,,,,,,,,,,,,,,,,,,,,,,,,,,,,,,,,
2011-07-15,0.42879999999999896,,,,,,,,,,,,,,,,,,,,,,,,,,,,,,,,,,,,,
2011-08-15,0.4427000000000021,,,,,,,,,,,,,,,,,,,,,,,,,,,,,,,,,,,,,
2011-09-15,0.704699999999999,,,,,,,,,,,,,,,,,,,,,,,,,,,,,,,,,,,,,
2011-10-15,0.4025999999999996,,,,,,,,,,,,,,,,,,,,,,,,,,,,,,,,,,,,,
2011-11-15,0.09420000000000073,,,,,,,,,,,,,,,,,,,,,,,,,,,,,,,,,,,,,
2011-12-15,-0.054999999999999716,,,,,,,,,,,,,,,,,,,,,,,,,,,,,,,,,,,,,
2012-01-15,0.20169999999999888,,,,,,,,,,,,,,,,,,,,,,,,,,,,,,,,,,,,,
2012-02-15,-0.15690000000000381,,,,,,,,,,,,,,,,,,,,,,,,,,,,,,,,,,,,,
2012-03-15,0.12720000000000198,,,,,,,,,,,,,,,,,,,,,,,,,,,,,,,,,,,,,
2012-04-15,-0.09919999999999618,,,,,,,,,,,,,,,,,,,,,,,,,,,,,,,,,,,,,
2012-05-15,0.1418999999999997,,,,,,,,,,,,,,,,,,,,,,,,,,,,,,,,,,,,,
2012-06-15,0.13049999999999784,,,,,,,,,,,,,,,,,,,,,,,,,,,,,,,,,,,,,
2012-07-15,0.39520000000000266,,,,,,,,,,,,,,,,,,,,,,,,,,,,,,,,,,,,,
2012-08-15,1.0695000000000014,,,,,,,,,,,,,,,,,,,,,,,,,,,,,,,,,,,,,
2012-09-15,0.7642999999999986,,,,,,,,,,,,,,,,,,,,,,,,,,,,,,,,,,,,,
2012-10-15,0.4045999999999985,,,,,,,,,,,,,,,,,,,,,,,,,,,,,,,,,,,,,
2012-11-15,0.2301000000000002,,,,,,,,,,,,,,,,,,,,,,,,,,,,,,,,,,,,,
2012-12-15,0.11110000000000042,,,,,,,,,,,,,,,,,,,,,,,,,,,,,,,,,,,,,
2013-01-15,-0.007899999999999352,,,,,,,,,,,,,,,,,,,,,,,,,,,,,,,,,,,,,
2013-02-15,-0.12230000000000274,,,,,,,,,,,,,,,,,,,,,,,,,,,,,,,,,,,,,
2013-03-15,0.028600000000000847,,,,,,,,,,,,,,,,,,,,,,,,,,,,,,,,,,,,,
2013-04-15,-0.18260000000000076,,,,,,,,,,,,,,,,,,,,,,,,,,,,,,,,,,,,,
2013-05-15,-0.5746000000000002,,,,,,,,,,,,,,,,,,,,,,,,,,,,,,,,,,,,,
2013-06-15,-0.42409999999999926,,,,,,,,,,,,,,,,,,,,,,,,,,,,,,,,,,,,,
2013-07-15,-0.6213000000000015,,,,,,,,,,,,,,,,,,,,,,,,,,,,,,,,,,,,,
2013-08-15,-0.40729999999999933,,,,,,,,,,,,,,,,,,,,,,,,,,,,,,,,,,,,,
2013-09-15,-0.36230000000000473,,,,,,,,,,,,,,,,,,,,,,,,,,,,,,,,,,,,,
2013-10-15,-0.18959999999999866,,,,,,,,,,,,,,,,,,,,,,,,,,,,,,,,,,,,,
2013-11-15,-0.06739999999999924,,,,,,,,,,,,,,,,,,,,,,,,,,,,,,,,,,,,,
2013-12-15,-0.25760000000000005,,,,,,,,,,,,,,,,,,,,,,,,,,,,,,,,,,,,,
2014-01-15,-0.04859999999999687,,,,,,,,,,,,,,,,,,,,,,,,,,,,,,,,,,,,,
2014-02-15,-0.009600000000002495,,,,,,,,,,,,,,,,,,,,,,,,,,,,,,,,,,,,,
2014-03-15,-0.4330999999999996,,,,,,,,,,,,,,,,,,,,,,,,,,,,,,,,,,,,,
2014-04-15,-0.21719999999999828,,,,,,,,,,,,,,,,,,,,,,,,,,,,,,,,,,,,,
2014-05-15,0.04370000000000118,,,,,,,,,,,,,,,,,,,,,,,,,,,,,,,,,,,,,
2014-06-15,-0.2153000000000027,,,,,,,,,,,,,,,,,,,,,,,,,,,,,,,,,,,,,
2014-07-15,-0.4194999999999993,,,,,,,,,,,,,,,,,,,,,,,,,,,,,,,,,,,,,
2014-08-15,-0.6319999999999979,,,,,,,,,,,,,,,,,,,,,,,,,,,,,,,,,,,,,
2014-09-15,-0.4653000000000027,,,,,,,,,,,,,,,,,,,,,,,,,,,,,,,,,,,,,
2014-10-15,0.15309999999999846,,,,,,,,,,,,,,,,,,,,,,,,,,,,,,,,,,,,,
2014-11-15,0.12760000000000105,,,,,,,,,,,,,,,,,,,,,,,,,,,,,,,,,,,,,
2014-12-15,-0.3548000000000009,,,,,,,,,,,,,,,,,,,,,,,,,,,,,,,,,,,,,
2015-01-15,-0.43740000000000023,,,,,,,,,,,,,,,,,,,,,,,,,,,,,,,,,,,,,
2015-02-15,-0.6107000000000014,,,,,,,,,,,,,,,,,,,,,,,,,,,,,,,,,,,,,
2015-03-15,-0.04860000000000042,,,,,,,,,,,,,,,,,,,,,,,,,,,,,,,,,,,,,
2015-04-15,0.15970000000000084,,,,,,,,,,,,,,,,,,,,,,,,,,,,,,,,,,,,,
2015-05-15,0.40830000000000055,,,,,,,,,,,,,,,,,,,,,,,,,,,,,,,,,,,,,
2015-06-15,0.42369999999999663,,,,,,,,,,,,,,,,,,,,,,,,,,,,,,,,,,,,,
2015-07-15,0.3597999999999999,,,,,,,,,,,,,,,,,,,,,,,,,,,,,,,,,,,,,
2015-08-15,0.5268000000000015,,,,,,,,,,,,,,,,,,,,,,,,,,,,,,,,,,,,,
2015-09-15,0.8396000000000008,,,,,,,,,,,,,,,,,,,,,,,,,,,,,,,,,,,,,
2015-10-15,0.7588000000000008,,,,,,,,,,,,,,,,,,,,,,,,,,,,,,,,,,,,,
2015-11-15,0.6428000000000011,,,,,,,,,,,,,,,,,,,,,,,,,,,,,,,,,,,,,
2015-12-15,-0.04380000000000095,,,,,,,,,,,,,,,,,,,,,,,,,,,,,,,,,,,,,
2016-01-15,-0.5512999999999977,,,,,,,,,,,,,,,,,,,,,,,,,,,,,,,,,,,,,
2016-02-15,-0.3958000000000048,,,,,,,,,,,,,,,,,,,,,,,,,,,,,,,,,,,,,
2016-03-15,-0.10869999999999891,,,,,,,,,,,,,,,,,,,,,,,,,,,,,,,,,,,,,
2016-04-15,-0.17249999999999588,,,,,,,,,,,,,,,,,,,,,,,,,,,,,,,,,,,,,
2016-05-15,-0.2743999999999964,,,,,,,,,,,,,,,,,,,,,,,,,,,,,,,,,,,,,
2016-06-15,-0.7036000000000016,,,,,,,,,,,,,,,,,,,,,,,,,,,,,,,,,,,,,
2016-07-15,-1.1691000000000003,,,,,,,,,,,,,,,,,,,,,,,,,,,,,,,,,,,,,
2016-08-15,-0.7594999999999992,,,,,,,,,,,,,,,,,,,,,,,,,,,,,,,,,,,,,
2016-09-15,-1.441200000000002,,,,,,,,,,,,,,,,,,,,,,,,,,,,,,,,,,,,,
2016-10-15,-0.8979999999999997,,,,,,,,,,,,,,,,,,,,,,,,,,,,,,,,,,,,,
2016-11-15,-0.5475999999999992,,,,,,,,,,,,,,,,,,,,,,,,,,,,,,,,,,,,,
2016-12-15,-0.3470000000000013,,,,,,,,,,,,,,,,,,,,,,,,,,,,,,,,,,,,,
2017-01-15,-0.16689999999999827,,,,,,,,,,,,,,,,,,,,,,,,,,,,,,,,,,,,,
2017-02-15,0.294399999999996,,,,,,,,,,,,,,,,,,,,,,,,,,,,,,,,,,,,,
2017-03-15,0.1697000000000024,,,,,,,,,,,,,,,,,,,,,,,,,,,,,,,,,,,,,
2017-04-15,0.508700000000001,,,,,,,,,,,,,,,,,,,,,,,,,,,,,,,,,,,,,
2017-05-15,0.8463000000000029,,,,,,,,,,,,,,,,,,,,,,,,,,,,,,,,,,,,,
2017-06-15,0.5809999999999995,,,,,,,,,,,,,,,,,,,,,,,,,,,,,,,,,,,,,
2017-07-15,0.5954999999999977,,,,,,,,,,,,,,,,,,,,,,,,,,,,,,,,,,,,,
2017-08-15,0.7102000000000004,,,,,,,,,,,,,,,,,,,,,,,,,,,,,,,,,,,,,
2017-09-15,0.18789999999999907,,,,,,,,,,,,,,,,,,,,,,,,,,,,,,,,,,,,,
2017-10-15,0.044299999999999784,,,,,,,,,,,,,,,,,,,,,,,,,,,,,,,,,,,,,
2017-11-15,-0.13349999999999795,,,,,,,,,,,,,,,,,,,,,,,,,,,,,,,,,,,,,
2017-12-15,-0.24579999999999913,,,,,,,,,,,,,,,,,,,,,,,,,,,,,,,,,,,,,
2018-01-15,-0.19259999999999877,,,,,,,,,,,,,,,,,,,,,,,,,,,,,,,,,,,,,
2018-02-15,0.5230999999999959,,,,,,,,,,,,,,,,,,,,,,,,,,,,,,,,,,,,,
2018-03-15,0.1644000000000041,,,,,,,,,,,,,,,,,,,,,,,,,,,,,,,,,,,,,
2018-04-15,0.24690000000000012,,,,,,,,,,,,,,,,,,,,,,,,,,,,,,,,,,,,,
2018-05-15,0.4642000000000017,,,,,,,,,,,,,,,,,,,,,,,,,,,,,,,,,,,,,
2018-06-15,0.21769999999999712,,,,,,,,,,,,,,,,,,,,,,,,,,,,,,,,,,,,,
2018-07-15,0.5598000000000027,,,,,,,,,,,,,,,,,,,,,,,,,,,,,,,,,,,,,
2018-08-15,0.3714000000000013,,,,,,,,,,,,,,,,,,,,,,,,,,,,,,,,,,,,,
2018-09-15,0.803799999999999,,,,,,,,,,,,,,,,,,,,,,,,,,,,,,,,,,,,,
2018-10-15,0.5647999999999982,,,,,,,,,,,,,,,,,,,,,,,,,,,,,,,,,,,,,
2018-11-15,0.7373000000000012,,,,,,,,,,,,,,,,,,,,,,,,,,,,,,,,,,,,,
2018-12-15,0.37290000000000134,,,,,,,,,,,,,,,,,,,,,,,,,,,,,,,,,,,,,
2019-01-15,0.11589999999999989,,,,,,,,,,,,,,,,,,,,,,,,,,,,,,,,,,,,,
2019-02-15,0.0767999999999951,,,,,,,,,,,,,,,,,,,,,,,,,,,,,,,,,,,,,
2019-03-15,0.05560000000000187,,,,,,,,,,,,,,,,,,,,,,,,,,,,,,,,,,,,,
2019-04-15,0.02820000000000178,,,,,,,,,,,,,,,,,,,,,,,,,,,,,,,,,,,,,
2019-05-15,1.079100000000004,,,,,,,,,,,,,,,,,,,,,,,,,,,,,,,,,,,,,
2019-06-15,0.7447999999999979,,,,,,,,,,,,,,,,,,,,,,,,,,,,,,,,,,,,,
2019-07-15,0.6930999999999976,,,,,,,,,,,,,,,,,,,,,,,,,,,,,,,,,,,,,
2019-08-15,1.3863999999999983,,,,,,,,,,,,,,,,,,,,,,,,,,,,,,,,,,,,,
2019-09-15,1.235999999999997,,,,,,,,,,,,,,,,,,,,,,,,,,,,,,,,,,,,,
2019-10-15,2.274799999999999,,,,,,,,,,,,,,,,,,,,,,,,,,,,,,,,,,,,,
2019-11-15,2.2554000000000016,,,,,,,,,,,,,,,,,,,,,,,,,,,,,,,,,,,,,
2019-12-15,0.9544999999999995,,,,,,,,,,,,,,,,,,,,,,,,,,,,,,,,,,,,,
2020-01-15,0.3849000000000018,0.3849000000000018,0.3849000000000018,0.3849000000000018,0.3849000000000018,0.3849000000000018,0.3849000000000018,0.3849000000000018,0.3849000000000018,0.3849000000000018,0.3849000000000018,0.3849000000000018,0.3849000000000018,0.3849000000000018,0.3849000000000018,0.3849000000000018,0.3849000000000018,0.3849000000000018,0.3849000000000018,0.3849000000000018,0.3849000000000018,0.3849000000000018,0.3849000000000018,0.3849000000000018,0.3849000000000018,0.3849000000000018,0.3849000000000018,0.3849000000000018,0.3849000000000018,0.3849000000000018,0.3849000000000018,0.3849000000000018,0.3849000000000018,0.3849000000000018,0.3849000000000018,0.3849000000000018,0.3849000000000018,0.3849000000000018
2020-02-15,,0.32581546666666666,0.32581546666666666,,,0.380681,0.299395,0.32416200000000006,0.25563899999999995,0.14356499999999994,0.295226,0.1653699999999999,0.399692,0.6686092,,,,,,,,,,,,,,,,,,,,,,,,
2020-03-15,,0.1402142978787879,0.1232028888888889,0.2296109775,0.063576175,-0.267776,0.37229900000000005,0.358055,0.15012599999999998,0.19930099999999995,0.01440600000000003,-0.219823,0.13308799999999998,0.36915000000000003,0.28324,0.5333688999999999,0.33182199999999995,-0.101035,0.32877259999999997,0.11292100000000005,0.469911,0.23741600000000002,0.05194900000000002,0.14709800000000006,0.51316423,-0.15329599999999993,0.22741,0.15421200000000002,-0.32384899999999994,-0.2828849,0.27503799999999995,-0.03659699999999999,0.012353000000000003,-0.09485500000000002,-0.06660699999999997,-0.12184899999999999,0.5881689999999999,0.43237400000000004
2020-04-15,,0.12377430060606061,0.059359888888888906,0.1940625416666667,0.10179686833333333,-0.33637199999999995,0.26177500000000004,0.24457800000000002,0.08972799999999992,0.25748400000000005,-0.11300599999999994,-0.389481,0.416815,0.10271799999999998,0.15044700000000005,0.09460599999999997,0.28043000000000007,0.100778,0.322322,0.161539,0.013649000000000022,-0.06840800000000002,0.5145040000000001,0.21084199999999997,0.191685,0.3563565,0.20878199999999997,-0.12001700000000001,-0.011029999999999984,0.12849642,-0.10630000000000006,0.323484,0.07161400000000007,-0.044337000000000015,0.161171,0.12991899999999998,0.007848999999999995,0.471931
2020-05-15,,0.24699036363636362,0.3048009333333333,0.12916858333333334,0.3214542166666666,-0.04191900000000004,0.6195219999999999,0.40396299999999996,0.20709600000000006,0.319297,0.6875034,-0.17471500000000006,0.5458160000000001,0.176645,0.035641000000000034,0.636162,-0.05440800000000001,-0.216665,-0.436702,0.47774099999999997,-0.203949,0.37242200000000003,0.450067,0.436413,-0.15404800000000002,0.20734899999999995,0.0642339999999999,-0.093802,0.4954025,0.7301572999999999,0.38501450000000004,0.07399599999999995,0.07827200000000001,0.26374400000000003,0.31930899999999995,0.7240143000000001,0.53491,0.282199
2020-06-15,,0.42487913272727273,0.4121914888888889,0.3136068566666666,0.5456671416666666,0.326973,0.5784961,0.43357199999999996,0.392845,0.236329,0.8038983,0.18146,0.426572,0.32957800000000004,0.17213,0.262354,-0.521416,-0.06817500000000001,-0.5910969,0.40196109999999996,0.44966399999999995,0.9964369799999999,0.508838,1.140464,-0.05179999999999996,1.0639221,0.5877600000000001,-0.12299299999999996,0.983711,0.469858,0.555139,0.014006000000000018,-0.0019220000000000348,0.9960659999999999,0.37122,0.8492626999999999,1.049628,0.7962699999999999
2020-07-15,,0.5877811272727272,0.45147186666666655,0.4711399166666667,0.8066542833333333,0.7757054,0.6948259999999999,0.4473315,0.8987151,0.410464,0.6134884,0.20849900000000002,0.353554,-0.3393366,0.091304,-0.050909999999999955,-0.286699,-0.220639,-0.271077,0.11199299999999998,1.4758149999999999,1.3508179999999999,0.425456,1.296083,-0.027429999999999954,1.758965,0.5380366999999999,-0.6434900000000001,1.604771,0.43975600000000004,0.828638,0.013627,0.39693199999999995,1.74981,0.41410969999999997,1.337692,1.517374,1.4825949999999999
2020-08-15,,0.5478783166666668,0.4840144522222222,0.4853842499999999,0.6582702816666668,0.912617,1.077266,0.571698,1.078609,0.6082605999999999,0.63088467,0.06642500000000001,-0.0319312,-0.5576990000000001,0.26039700000000005,-0.22266999999999998,-0.8448720000000001,-0.10489100000000001,0.343078,-0.098058,1.594824,1.524409,0.286385,1.365998,0.09988000000000002,1.620131,0.348654,-1.326473,1.29803,0.357202,0.5967714,0.10764200000000002,0.12484,1.7163590000000002,0.32541998,1.377138,1.214514,1.7591459999999999
2020-09-15,,0.5466463878787879,0.6856879,0.3676947,0.6213169416666666,1.288345,1.682413,0.984334,1.4399570000000002,0.9363409999999999,0.4084192,-0.06854199999999999,-0.1867681,-0.31330800000000003,0.07002799999999998,-0.5229305,-0.9569369999999999,-0.205037,0.2997417,-0.3842855,1.168816,1.7062879999999998,0.4529797,1.280382,0.24728899999999998,1.256002,0.16733420000000002,-1.612891,1.2000257,0.747141,0.3232378,0.16808789999999996,0.106092,1.696612,0.382326,1.601977,0.7748107,1.90105
2020-10-15,,0.39776580484848495,0.8199822333333332,0.22409453333333332,0.254774755,1.6838440000000001,1.919329,1.386981,1.487795,0.906919,0.40020500000000003,-0.075899,-0.1707929,-0.15854100000000004,0.19281399999999999,-0.5764371,-0.519251,-0.183056,0.187186,-0.401295,0.854609,1.491112,0.11364049999999999,0.604856,0.331291,0.593665,-0.5061329999999999,-1.38178,0.29258,0.34594266,-0.5909059999999999,-0.369338,0.2074677,1.325209,0.543979,1.186452,0.7519467,1.251877
2020-11-15,,0.15397909090909093,0.5772895222222223,0.008579416666666681,-0.018104058333333336,0.620097,1.517994,1.3036880000000002,1.1818790000000001,0.30666150000000003,0.203792,0.13469899999999996,-0.2613058,0.18810099999999996,-0.103069,-0.46213000000000004,-0.442656,-0.20004080000000002,-0.10311999999999999,-0.153472,0.0643103,0.9589730000000001,-0.0011929999999999996,0.108906,0.5416445,-0.10520000000000002,-0.5045999999999999,-0.671107,-0.12039609999999999,-0.219837,-0.556037,-0.10134100000000001,0.10119039999999999,0.620055,0.665886,0.631602,-0.08070899999999998,0.018044999999999978
2020-12-15,,0.15687444606060605,0.30924683333333336,0.06172908500000001,0.13774051666666665,0.25371109999999997,0.8606877,0.459794,0.517756,0.41774500000000003,-0.10408500000000004,0.19228199999999995,-0.3608319,0.5461626,0.1489294,-0.12538015,-0.09620299999999998,-0.17053933,0.25853600000000004,-0.12382800000000005,-0.020864999999999967,0.334696,0.331233,0.17681419999999998,-0.045743099999999995,0.07309900000000003,-0.162398,0.08457989999999999,0.385029,-0.38082930000000004,-0.00528010000000001,-0.12455,0.5912716,0.1290808,0.3886469,0.2317251,0.2833823,0.232228
2021-01-15,,,,,,,,,,,,,,,,,,,,,,,,,,,,,,,,,,,,,,
